Gender,Married,Dependents,Education,Self_Employed,ApplicantIncome,CoapplicantIncome,LoanAmount,Loan_Amount_Term,Credit_History,Property_Area,Loan_Status,Total_Income,sApplicantIncome,sCoapplicantIncome,sTotal_Income,sLoanAmount
Male,Yes,1,Graduate,No,4583,1508,128,360,1,Rural,N,6091,-0.13782579766678688,-0.02792290913385289,-0.1431042246673688,-0.20787229258219758
Male,Yes,0,Graduate,Yes,3000,0,66,360,1,Urban,Y,3000,-0.4171006445274618,-0.604002847580124,-0.6608641459530751,-0.9779805245311823
Male,Yes,0,Not Graduate,No,2583,2358,120,360,1,Urban,Y,4941,-0.4906683079140073,0.29679058402220176,-0.33573570621979915,-0.3072410967046472
Male,No,0,Graduate,No,6000,0,141,360,1,Urban,Y,6000,0.11216312084336878,-0.604002847580124,-0.15834723755543068,-0.04639798588321689
Male,Yes,2,Graduate,Yes,5417,4196,267,360,1,Urban,Y,9613,0.009309529106304039,0.9989357609878824,0.4468506257914657,1.5186606790453652
Male,Yes,0,Not Graduate,No,2333,1516,95,360,1,Urban,Y,3849,-0.5347736216949098,-0.02486678213944296,-0.5186518608765417,-0.6177686095873024
Male,Yes,3+,Graduate,No,3036,2504,158,360,0,Semiurban,N,5540,-0.41074947934301187,0.35256490167018295,-0.2353998301764028,0.16476072287698862
Male,Yes,2,Graduate,No,4006,1526,168,360,1,Urban,Y,5532,-0.23962086187310996,-0.021046623396430555,-0.2367398752654632,0.28897172803005067
Male,Yes,1,Graduate,No,12841,10968,349,360,1,Semiurban,N,23809,1.3190609271439862,3.585947261755885,2.8247606363291187,2.537190921300474
Male,Yes,2,Graduate,No,3200,700,70,360,1,Urban,Y,3900,-0.38181639350273977,-0.3365917355692554,-0.5101090734337818,-0.9282961224699575
Male,Yes,2,Graduate,No,3073,8106,200,360,1,Urban,Y,11179,-0.4042218929034383,2.492617829505734,0.7091644519750361,0.6864469445198493
Male,No,0,Graduate,No,1853,2840,114,360,1,Rural,N,4693,-0.6194558241542427,0.48092223543539986,-0.37727710398067105,-0.38176769979648445
Male,Yes,2,Graduate,No,1299,1086,17,120,1,Urban,Y,2385,-0.7171931994927228,-0.1891336080889765,-0.7638801121745922,-1.5866144497811865
Male,No,0,Graduate,No,4950,0,125,360,1,Urban,Y,4950,-0.07307919703642193,-0.604002847580124,-0.3342281554946062,-0.2451355941281162
Female,No,0,Graduate,No,3510,0,76,360,0,Urban,N,3510,-0.32712580441442063,-0.604002847580124,-0.5754362715254755,-0.8537695193781203
Male,Yes,0,Not Graduate,No,4887,0,133,360,1,Rural,N,4887,-0.08419373610920937,-0.604002847580124,-0.3447810105709567,-0.14576679000566653
Male,Yes,0,Not Graduate,No,7660,0,104,360,0,Urban,N,7660,0.40502240434856174,-0.604002847580124,0.11971211842459922,-0.5059787049495466
Male,Yes,1,Graduate,No,5955,5625,315,360,1,Urban,Y,11580,0.10422416436280633,1.5448364453643555,0.7763342120641878,2.1148735037800632
Male,Yes,0,Not Graduate,No,2600,1911,116,360,0,Semiurban,N,4511,-0.4876691465769059,0.12602948820954715,-0.40776312975679485,-0.35692549876587204
Male,Yes,0,Graduate,Yes,9560,0,191,360,1,Semiurban,Y,9560,0.7402227890834211,-0.604002847580124,0.4379728270764407,0.5746570398820935
Male,Yes,0,Graduate,No,2799,2253,122,360,1,Semiurban,Y,5052,-0.4525613168073075,0.2566789172205715,-0.3171425806090863,-0.2823988956740348
Male,Yes,2,Not Graduate,No,4226,1040,110,360,1,Urban,Y,5266,-0.20080818574591572,-0.20670633830683358,-0.281296374476721,-0.43145210185770927
Male,No,0,Not Graduate,No,1442,0,35,360,1,Urban,N,1442,-0.6919649600100466,-0.604002847580124,-0.921837927047585,-1.3630346405056748
Male,No,0,Graduate,No,3167,0,74,360,1,Urban,N,3167,-0.38763829492181895,-0.604002847580124,-0.6328907047189395,-0.8786117204087327
Male,No,1,Graduate,Yes,4692,0,106,360,1,Rural,N,4692,-0.11859588085831337,-0.604002847580124,-0.3774446096168036,-0.48113650391893414
Male,Yes,0,Graduate,No,3500,1667,114,360,1,Semiurban,Y,5167,-0.32889001696565673,0.03281761488004439,-0.29787943245384324,-0.38176769979648445
Male,No,3+,Graduate,No,12500,3000,320,360,1,Rural,N,15500,1.2589012791468353,0.5420447753235984,1.4329563057037764,2.176979006356594
Female,Yes,0,Graduate,No,3667,1459,144,360,1,Semiurban,Y,5126,-0.2994276673600138,-0.04664168697461369,-0.30474716353527775,-0.009134684337298271
Male,No,0,Graduate,No,4166,7210,184,360,1,Urban,Y,11376,-0.21139346105333234,2.150331606131822,0.7421630622931481,0.48770933627495
Male,No,0,Not Graduate,No,3748,1668,110,360,1,Semiurban,Y,5416,-0.2851375456950014,0.033199630754345635,-0.2561705290568388,-0.43145210185770927
Male,No,0,Graduate,No,3600,0,80,360,1,Urban,N,3600,-0.31124789145329573,-0.604002847580124,-0.5603607642735462,-0.8040851173168955
Male,No,0,Graduate,No,1800,1213,47,360,1,Urban,Y,3013,-0.628806150675794,-0.14061759205271893,-0.658686572683352,-1.2139814343220003
Male,Yes,0,Graduate,No,3941,2336,134,360,1,Semiurban,Y,6277,-0.2510882434561446,0.28838623478757447,-0.11194817634671483,-0.13334568949036033
Male,Yes,1,Graduate,No,5649,0,44,360,1,Urban,Y,5649,0.05023926029498161,-0.604002847580124,-0.21714171583795505,-1.2512447358679188
Male,Yes,0,Graduate,No,5821,0,144,360,1,Urban,Y,5821,0.08058371617624256,-0.604002847580124,-0.18833074642315678,-0.009134684337298271
Female,Yes,0,Graduate,No,2645,3440,120,360,0,Urban,N,6085,-0.47973019009634343,0.7101317600161443,-0.1441092584841641,-0.3072410967046472
Female,No,0,Graduate,No,4000,2275,144,360,1,Semiurban,Y,6275,-0.2406793894038516,0.2650832664551988,-0.11228318761897993,-0.009134684337298271
Female,Yes,0,Not Graduate,No,1928,1644,100,360,1,Semiurban,Y,3572,-0.6062242300199719,0.02403124977111586,-0.5650509220852575,-0.5556631070107714
Female,No,0,Graduate,No,3086,0,120,360,1,Semiurban,Y,3086,-0.40192841658683137,-0.604002847580124,-0.646458661245676,-0.3072410967046472
Female,No,0,Graduate,No,4230,0,112,360,1,Semiurban,N,4230,-0.20010250072542127,-0.604002847580124,-0.45483221351004083,-0.40660990082709686
Male,Yes,2,Graduate,No,4616,0,134,360,1,Urban,N,4616,-0.13200389624770772,-0.604002847580124,-0.3901750379628773,-0.13334568949036033
Female,Yes,1,Graduate,Yes,11500,0,286,360,0,Urban,N,11500,1.0824800240232249,-0.604002847580124,0.762933761173584,1.7546615888361832
Male,Yes,2,Graduate,No,2708,1167,97,360,1,Semiurban,Y,3875,-0.468615651023556,-0.158190322270576,-0.5142967143370955,-0.59292640855669
Male,Yes,0,Graduate,No,2132,1591,96,360,1,Semiurban,Y,3723,-0.5702342939747554,0.003784408433150097,-0.5397575710292427,-0.6053475090719962
Male,Yes,0,Graduate,No,3366,2200,135,360,1,Rural,N,5566,-0.3525304651522205,0.23643207588260573,-0.23104468363695654,-0.12092458897505413
Male,Yes,1,Graduate,No,8080,2250,180,360,1,Urban,Y,10330,0.47911933150047803,0.2555328695976678,0.5669521668985027,0.4380249342137252
Male,Yes,2,Not Graduate,No,3357,2859,144,360,1,Urban,Y,6216,-0.354118256448333,0.48818053704712344,-0.12216602015080028,-0.009134684337298271
Male,Yes,0,Graduate,No,2500,3796,120,360,1,Urban,Y,6296,-0.505311272089267,0.8461294112673862,-0.10876556926019643,-0.3072410967046472
Male,Yes,3+,Graduate,No,3029,0,99,360,1,Urban,Y,3029,-0.41198442812887714,-0.604002847580124,-0.6560064825052312,-0.5680842075260776
Male,Yes,0,Not Graduate,Yes,2609,3449,165,180,0,Rural,N,6058,-0.48608135528079344,0.7135699028848554,-0.14863191065974288,0.25170842648413205
Female,No,0,Graduate,No,4166,0,116,360,0,Semiurban,N,4166,-0.21139346105333234,-0.604002847580124,-0.46555257422252394,-0.35692549876587204
Male,Yes,0,Graduate,No,5726,4595,258,360,1,Semiurban,N,10321,0.06382369693949959,1.1513600948340774,0.5654446161733098,1.4068707744076092
Male,No,0,Not Graduate,No,3200,2254,126,180,0,Urban,N,5454,-0.38181639350273977,0.25706093309487277,-0.24980531488380195,-0.23271449361281
Male,Yes,1,Graduate,No,10750,0,312,360,1,Urban,Y,10750,0.9501640826805173,-0.604002847580124,0.637304534074173,2.0776102022341445
Male,Yes,3+,Not Graduate,Yes,7100,0,125,60,1,Urban,Y,7100,0.30622650147934,-0.604002847580124,0.025908962190372274,-0.2451355941281162
Female,No,0,Graduate,No,4300,0,136,360,0,Semiurban,N,4300,-0.18775301286676857,-0.604002847580124,-0.4431068189807625,-0.10850348845974793
Male,Yes,0,Graduate,No,3208,3066,172,360,1,Urban,Y,6274,-0.3804050234617509,0.5672578230274803,-0.11245069325511248,0.3386561300912755
Male,Yes,2,Not Graduate,Yes,1875,1875,97,360,1,Semiurban,Y,3750,-0.6155745565415233,0.11227691673470248,-0.5352349188536639,-0.59292640855669
Male,No,0,Graduate,No,3500,0,81,300,1,Semiurban,Y,3500,-0.32889001696565673,-0.604002847580124,-0.577111327886801,-0.7916640168015893
Male,Yes,3+,Graduate,Yes,5266,1774,187,360,1,Semiurban,Y,7040,-0.0173300804173611,0.07369331343027716,0.015858624022419388,0.5249726378208686
Male,No,0,Graduate,No,3750,0,113,480,1,Urban,N,3750,-0.2847847031847542,-0.604002847580124,-0.5352349188536639,-0.39418880031179065
Male,No,0,Graduate,No,3750,4750,176,360,1,Urban,N,8500,-0.2847847031847542,1.2105725553507698,0.2604168527759397,0.38834053215250036
Male,Yes,1,Graduate,Yes,1000,3022,110,360,1,Urban,N,4022,-0.7699431547746822,0.5504491245582257,-0.4896733858256109,-0.43145210185770927
Male,Yes,3+,Graduate,No,3167,4000,180,300,0,Semiurban,N,7167,-0.38763829492181895,0.9240606496248392,0.037131839811253,0.4380249342137252
Female,No,0,Graduate,No,3846,0,111,360,1,Semiurban,Y,3846,-0.2678482626928876,-0.604002847580124,-0.5191543777849393,-0.41903100134240306
Female,Yes,2,Graduate,No,1378,1881,167,360,1,Urban,N,3259,-0.7032559203379576,0.11456901198050992,-0.6174801861947451,0.27655062751474446
Male,Yes,1,Graduate,No,3988,0,50,240,1,Urban,Y,3988,-0.24279644446533494,-0.604002847580124,-0.4953685774541175,-1.1767181327760816
Male,No,0,Graduate,No,2366,2531,136,360,1,Semiurban,Y,4897,-0.5289517202758307,0.3628793302763164,-0.34310595420963125,-0.10850348845974793
Male,Yes,0,Graduate,No,2500,2118,104,360,1,Semiurban,Y,4618,-0.505311272089267,0.205106774189904,-0.3898400266906122,-0.5059787049495466
Male,No,0,Graduate,No,8566,0,210,360,1,Urban,Y,8566,0.5648600614905526,-0.604002847580124,0.27147222476068783,0.8106579496729114
Male,Yes,0,Graduate,No,5695,4167,175,360,1,Semiurban,Y,9862,0.05835463803066768,0.9878573006331465,0.48855952918847023,0.37591943163719416
Male,Yes,0,Graduate,No,2958,2900,131,360,1,Semiurban,Y,5858,-0.42451033724265347,0.5038431878934743,-0.1821330378862525,-0.17060899103627897
Male,Yes,2,Graduate,No,6250,5654,188,180,1,Semiurban,Y,11904,0.15626843462427134,1.5559149057190915,0.8306060381711334,0.5373937383361748
Male,Yes,2,Not Graduate,No,3273,1820,81,360,1,Urban,Y,5093,-0.36893764187871625,0.09126604364813423,-0.31027484952765183,-0.7916640168015893
Male,No,0,Graduate,No,4133,0,122,360,1,Semiurban,Y,4133,-0.21721536247241147,-0.604002847580124,-0.471080260214898,-0.2823988956740348
Male,No,0,Not Graduate,No,3620,0,25,120,1,Semiurban,Y,3620,-0.3077194663508235,-0.604002847580124,-0.5570106515508952,-1.4872456456587368
Female,Yes,0,Graduate,No,2484,2302,137,360,1,Semiurban,Y,4786,-0.5081340121712447,0.2753976950613323,-0.3616990798203441,-0.09608238794444171
Male,Yes,0,Graduate,No,1977,997,50,360,1,Semiurban,Y,2974,-0.5975795885189151,-0.22313302090178694,-0.6652192924925213,-1.1767181327760816
Male,Yes,0,Not Graduate,No,4188,0,115,180,1,Semiurban,Y,4188,-0.20751219344061292,-0.604002847580124,-0.4618674502276079,-0.36934659928117825
Male,Yes,0,Graduate,No,1759,3541,131,360,1,Semiurban,Y,5300,-0.6360394221358621,0.7487153633205696,-0.27560118284821433,-0.17060899103627897
Male,Yes,2,Not Graduate,No,4288,3263,133,180,1,Urban,Y,7551,-0.1898700679282519,0.6425149502648247,0.10145400408615148,-0.14576679000566653
Male,No,0,Graduate,No,4843,3806,151,360,1,Semiurban,Y,8649,-0.09195627133464822,0.8499495700103985,0.28537519255968935,0.07781301926984517
Male,Yes,1,Graduate,No,3052,1030,100,360,1,Urban,Y,4082,-0.4079267392610341,-0.210526497049846,-0.47962304765765795,-0.5556631070107714
Male,Yes,2,Graduate,No,11417,1126,225,360,1,Urban,Y,12543,1.0678370598479652,-0.17385297311692688,0.9376421396598318,0.9969744574025045
Male,Yes,2,Graduate,No,3800,3600,216,360,0,Urban,N,7400,-0.2759636404285737,0.7712542999043428,0.07616065303013671,0.8851845527647486
Male,Yes,3+,Not Graduate,No,2071,754,94,480,1,Semiurban,Y,2825,-0.5809959905372957,-0.31596287835698844,-0.6901776322762709,-0.6301897101026086
Male,No,0,Graduate,No,5316,0,136,360,1,Urban,Y,5316,-0.008509017661180594,-0.604002847580124,-0.27292109267009357,-0.10850348845974793
Male,Yes,1,Graduate,No,14583,0,185,180,1,Rural,Y,14583,1.626386753569315,-0.604002847580124,1.27935363737023,0.5001304367902561
Female,Yes,0,Graduate,No,3167,2283,154,360,1,Semiurban,Y,5450,-0.38763829492181895,0.26813939344960874,-0.2504753374283321,0.1150763208157638
Male,Yes,0,Graduate,No,5568,2142,175,360,1,Rural,N,7710,0.03594913862996918,0.21427515517313378,0.12808740023122664,0.37591943163719416
Female,No,0,Graduate,No,10408,0,259,360,1,Urban,Y,10408,0.8898280134282426,-0.604002847580124,0.5800176065168415,1.4192918749229155
Female,No,0,Graduate,No,4166,0,44,360,1,Semiurban,Y,4166,-0.21139346105333234,-0.604002847580124,-0.46555257422252394,-1.2512447358679188
Female,No,0,Graduate,No,2137,8980,137,360,0,Semiurban,Y,11117,-0.5693521876991374,2.8264997036450183,0.6987791025348181,-0.09608238794444171
Male,Yes,2,Graduate,No,2957,0,81,360,1,Semiurban,Y,2957,-0.4246867584977771,-0.604002847580124,-0.6680668883067746,-0.7916640168015893
Male,Yes,0,Not Graduate,No,4300,2014,194,360,1,Rural,Y,6314,-0.18775301286676857,0.16537712326257495,-0.10575046780981055,0.6119203414280121
Male,Yes,1,Graduate,Yes,10513,3850,160,180,0,Urban,N,14363,0.9083522452162217,0.8667582684796531,1.2425023974210694,0.18960292390760103
Male,No,0,Graduate,No,2014,1929,74,360,1,Urban,Y,3943,-0.5910520020793415,0.13290577394696948,-0.5029063310800822,-0.8786117204087327
Male,No,0,Graduate,No,2718,0,70,360,1,Semiurban,Y,2718,-0.4668514384723199,-0.604002847580124,-0.7081007353424537,-0.9282961224699575
Male,Yes,0,Graduate,Yes,3459,0,25,120,1,Semiurban,Y,3459,-0.33612328842572475,-0.604002847580124,-0.5839790589682354,-1.4872456456587368
Male,No,0,Graduate,No,4895,0,102,360,1,Semiurban,Y,4895,-0.0827823660682205,-0.604002847580124,-0.34344096548189634,-0.530820905980159
Male,Yes,3+,Graduate,No,4000,7750,290,360,1,Semiurban,N,11750,-0.2406793894038516,2.356620178254492,0.8048101702067211,1.804345990897408
Female,Yes,0,Graduate,No,4583,0,84,360,1,Rural,N,4583,-0.13782579766678688,-0.604002847580124,-0.39570272395525136,-0.7544007152556707
Male,Yes,2,Graduate,Yes,3316,3500,88,360,1,Urban,Y,6816,-0.361351527908401,0.7330527124742188,-0.021662638471271395,-0.7047163131944458
Male,No,0,Graduate,No,14999,0,242,360,0,Semiurban,N,14999,1.6997779957007368,-0.604002847580124,1.34903598200137,1.20813316616271
Male,Yes,2,Not Graduate,No,4200,1430,129,360,1,Rural,N,5630,-0.2053951383791296,-0.05772014732934967,-0.2203243229244735,-0.19545119206689138
Male,Yes,2,Graduate,No,5042,2083,185,360,1,Rural,N,7125,-0.05684844156504979,0.19173621858936057,0.03009660309368598,0.5001304367902561
Male,No,0,Graduate,No,5417,0,168,360,1,Urban,Y,5417,0.009309529106304039,-0.604002847580124,-0.25600302342070624,0.28897172803005067
Male,No,0,Graduate,Yes,6950,0,175,180,1,Semiurban,Y,6950,0.2797633132107985,-0.604002847580124,7.83116770490055e-4,0.37591943163719416
Male,Yes,0,Graduate,No,2698,2034,122,360,1,Semiurban,Y,4732,-0.4703798635747921,0.17301744074859976,-0.3707443841715017,-0.2823988956740348
Male,Yes,2,Graduate,No,11757,0,187,180,1,Urban,Y,11757,1.1278202865899927,-0.604002847580124,0.8059827096596489,0.5249726378208686
Female,Yes,0,Graduate,No,2330,4486,100,360,1,Semiurban,Y,6816,-0.5353028854602807,1.1097203645352423,-0.021662638471271395,-0.5556631070107714
Female,Yes,2,Graduate,No,14866,0,70,360,1,Urban,Y,14866,1.6763139687692967,-0.604002847580124,1.3267577323957411,-0.9282961224699575
Male,Yes,1,Graduate,No,1538,1425,30,360,1,Urban,Y,2963,-0.67502851951818,-0.059630226700855875,-0.6670618544899793,-1.4251401430822057
Female,No,0,Graduate,No,10000,1666,225,360,1,Rural,N,11666,0.8178481413378096,0.03243559900574316,0.7907396967715871,0.9969744574025045
Male,Yes,0,Graduate,No,4860,830,125,360,1,Semiurban,Y,5690,-0.08895710999754684,-0.28692967191009416,-0.2102739847565206,-0.2451355941281162
Male,No,0,Graduate,No,6277,0,118,360,0,Rural,N,6277,0.16103180851260882,-0.604002847580124,-0.11194817634671483,-0.33208329773525963
Male,Yes,0,Graduate,Yes,2577,3750,152,360,1,Rural,Y,6327,-0.49172683544474893,0.8285566810495291,-0.10357289454008743,0.09023411978515138
Male,No,0,Graduate,No,9166,0,244,360,1,Urban,N,9166,0.6707128145647188,-0.604002847580124,0.3719756064402167,1.2329753671933223
Male,Yes,2,Not Graduate,No,2281,0,113,360,1,Rural,N,2281,-0.5439475269613375,-0.604002847580124,-0.7813006983323771,-0.39418880031179065
Male,No,0,Graduate,No,3254,0,50,360,1,Urban,Y,3254,-0.3722896457260648,-0.604002847580124,-0.6183177143754078,-1.1767181327760816
Male,Yes,3+,Graduate,No,39999,0,600,180,0,Semiurban,Y,39999,6.110309373790993,-0.604002847580124,5.536676885315074,5.654887150642332
Male,Yes,1,Graduate,No,9538,0,187,360,1,Urban,Y,9538,0.7363415214707018,-0.604002847580124,0.4342877030815246,0.5249726378208686
Male,Yes,0,Graduate,No,4583,5625,255,360,1,Semiurban,Y,10208,-0.13782579766678688,1.5448364453643555,0.5465164792903319,1.3696074728616907
Male,Yes,0,Not Graduate,No,1863,1041,98,360,1,Semiurban,Y,2904,-0.6176916116030067,-0.20632432243253235,-0.6769446870217997,-0.5805053080413838
Male,Yes,0,Graduate,No,7933,0,275,360,1,Urban,N,7933,0.4531854069973073,-0.604002847580124,0.16544115708878487,1.6180294831678148
Male,Yes,1,Graduate,No,3089,1280,121,360,0,Semiurban,N,4369,-0.40139915282146055,-0.11502252847453578,-0.4315489300876167,-0.294819996189341
Male,Yes,2,Graduate,No,4167,1447,158,360,1,Rural,Y,5614,-0.21121703979820872,-0.05122587746622858,-0.22300441310259425,0.16476072287698862
Male,Yes,0,Graduate,No,9323,0,75,180,1,Urban,Y,9323,0.6984109516191255,-0.604002847580124,0.39827399131302677,-0.8661906198934265
Female,Yes,0,Graduate,No,4583,0,112,360,1,Rural,N,4583,-0.13782579766678688,-0.604002847580124,-0.39570272395525136,-0.40660990082709686
Male,Yes,0,Graduate,No,2439,3333,129,360,1,Rural,Y,5772,-0.5160729686518072,0.6692560614659115,-0.19653852259365165,-0.19545119206689138
Male,No,0,Graduate,No,2237,0,63,480,0,Semiurban,N,2237,-0.5517100621867764,-0.604002847580124,-0.7886709463222092,-1.015243826077101
Male,Yes,2,Graduate,No,8000,0,200,360,1,Semiurban,Y,8000,0.4650056310905892,-0.604002847580124,0.1766640347096656,0.6864469445198493
Male,Yes,3+,Not Graduate,No,3522,0,81,180,1,Rural,N,3522,-0.32500874935293733,-0.604002847580124,-0.5734262038918849,-0.7916640168015893
Male,Yes,0,Graduate,No,5708,5625,187,360,1,Semiurban,Y,11333,0.06064811434727461,1.5448364453643555,0.7349603199394485,0.5249726378208686
Male,Yes,0,Not Graduate,Yes,4344,736,87,360,1,Semiurban,N,5080,-0.17999047764132972,-0.32283916409441077,-0.31245242279737495,-0.717137413709752
Male,Yes,0,Graduate,No,3497,1964,116,360,1,Rural,Y,5461,-0.32941928073102755,0.1462763295475129,-0.24863277543087411,-0.35692549876587204
Male,Yes,2,Graduate,No,2045,1619,101,360,1,Rural,Y,3664,-0.5855829431705096,0.014480852913584839,-0.5496404035610631,-0.5432420064954652
Male,Yes,3+,Graduate,No,5516,11300,495,360,0,Semiurban,N,16816,0.02677523336354145,3.7127765320238972,1.6533937228542097,4.3506715965351805
Male,Yes,1,Graduate,No,3750,0,116,360,1,Semiurban,Y,3750,-0.2847847031847542,-0.604002847580124,-0.5352349188536639,-0.35692549876587204
Male,No,0,Not Graduate,No,2333,1451,102,480,0,Urban,N,3784,-0.5347736216949098,-0.04969781396902361,-0.5295397272251573,-0.530820905980159
Male,Yes,1,Graduate,No,6400,7250,180,360,0,Urban,N,13650,0.18273162289281286,2.165612241103872,1.1230708788585626,0.4380249342137252
Male,Yes,0,Graduate,No,4600,0,73,180,1,Semiurban,Y,4600,-0.1348266363296855,-0.604002847580124,-0.39285512814099804,-0.8910328209240389
Male,Yes,1,Graduate,No,33846,0,260,360,1,Semiurban,N,33846,5.024789391015418,-0.604002847580124,4.506014706191505,1.4317129754382216
Female,Yes,0,Graduate,No,3625,0,108,360,1,Semiurban,Y,3625,-0.30683736007520546,-0.604002847580124,-0.5561731233702325,-0.45629430288832173
Male,Yes,0,Graduate,Yes,39147,4750,120,360,1,Semiurban,Y,43897,5.959998464425677,1.2105725553507698,6.189613854959746,-0.3072410967046472
Male,Yes,1,Graduate,Yes,2178,0,66,300,0,Rural,N,2178,-0.5621189162390694,-0.604002847580124,-0.7985537788540296,-0.9779805245311823
Male,Yes,0,Graduate,No,9328,0,188,180,1,Rural,Y,9328,0.6992930578947436,-0.604002847580124,0.3991115194936895,0.5373937383361748
Male,No,0,Not Graduate,No,4885,0,48,360,1,Rural,Y,4885,-0.0845465786194566,-0.604002847580124,-0.3451160218432218,-1.201560333806694
Male,No,0,Graduate,No,12000,0,164,360,1,Semiurban,N,12000,1.17069065158503,-0.604002847580124,0.8466865792398581,0.23928732596882585
Male,Yes,0,Not Graduate,No,6033,0,160,360,1,Urban,N,6033,0.11798502226244792,-0.604002847580124,-0.15281955156305657,0.18960292390760103
Male,No,0,Graduate,No,3858,0,76,360,1,Semiurban,Y,3858,-0.2657312076314043,-0.604002847580124,-0.5171443101513488,-0.8537695193781203
Male,No,0,Graduate,No,4191,0,120,360,1,Rural,Y,4191,-0.20698292967524207,-0.604002847580124,-0.46136493331921025,-0.3072410967046472
Male,Yes,1,Graduate,No,3125,2583,170,360,1,Semiurban,N,5708,-0.39504798763701054,0.38274415573998094,-0.20725888330613473,0.3138139290606631
Male,No,0,Graduate,No,8333,3750,187,360,1,Rural,Y,12083,0.5237539090467515,0.8285566810495291,0.8605895470388596,0.5249726378208686
Male,No,0,Graduate,Yes,11000,0,83,360,1,Urban,N,11000,0.9942693964614199,-0.604002847580124,0.67918094310731,-0.7668218157709769
Male,Yes,1,Not Graduate,No,2600,2500,90,360,1,Semiurban,Y,5100,-0.4876691465769059,0.351036838172978,-0.309102310074724,-0.6798741121638334
Male,No,2,Graduate,No,4923,0,166,360,0,Semiurban,Y,4923,-0.07784257092475941,-0.604002847580124,-0.338750807670185,0.26412952699943826
Male,Yes,1,Not Graduate,No,3500,1083,135,360,1,Urban,Y,4583,-0.32889001696565673,-0.1902796557118802,-0.39570272395525136,-0.12092458897505413
Male,Yes,2,Not Graduate,No,3917,0,124,360,1,Semiurban,Y,3917,-0.25532235357911126,-0.604002847580124,-0.5072614776195284,-0.2575566946434224
Female,No,0,Not Graduate,No,4408,0,120,360,1,Semiurban,Y,4408,-0.16869951731341867,-0.604002847580124,-0.42501621027844727,-0.3072410967046472
Female,No,0,Graduate,No,3244,0,80,360,1,Urban,Y,3244,-0.3740538582773009,-0.604002847580124,-0.6199927707367333,-0.8040851173168955
Male,No,0,Not Graduate,No,3975,2531,55,360,1,Rural,Y,6506,-0.2450899207819419,0.3628793302763164,-0.07358938567236131,-1.1146126301995507
Male,No,0,Graduate,No,2479,0,59,360,1,Urban,Y,2479,-0.5090161184468628,-0.604002847580124,-0.7481345823781327,-1.0649282281383259
Male,No,0,Graduate,No,3418,0,127,360,1,Semiurban,N,3418,-0.3433565598857928,-0.604002847580124,-0.5908467900496699,-0.2202933930975038
Female,No,0,Graduate,No,10000,0,214,360,1,Semiurban,N,10000,0.8178481413378096,-0.604002847580124,0.5116753069747618,0.8603423517341362
Male,Yes,3+,Graduate,No,3430,1250,128,360,0,Semiurban,N,4680,-0.3412395048243094,-0.12648300470357302,-0.3794546772503942,-0.20787229258219758
Male,Yes,1,Graduate,Yes,7787,0,240,360,1,Urban,Y,7787,0.4274279037492602,-0.604002847580124,0.14098533421343284,1.1832909651320975
Male,Yes,3+,Not Graduate,Yes,5703,0,130,360,1,Rural,Y,5703,0.05976600807165656,-0.604002847580124,-0.20809641148679747,-0.18303009155158517
Male,Yes,0,Graduate,No,3173,3021,137,360,1,Urban,Y,6194,-0.38657976739107724,0.5500671086839244,-0.12585114414571633,-0.09608238794444171
Male,Yes,3+,Not Graduate,No,3850,983,100,360,1,Semiurban,Y,4833,-0.26714257767239313,-0.2284812431420043,-0.35382631492211436,-0.5556631070107714
Male,Yes,0,Graduate,No,150,1800,135,360,1,Rural,N,1950,-0.919901221629751,0.08362572616210942,-0.8367450638922506,-0.12092458897505413
Male,Yes,0,Graduate,No,3727,1775,131,360,1,Semiurban,Y,5502,-0.2888423920525972,0.0740753293045784,-0.24176504434943963,-0.17060899103627897
Male,Yes,0,Graduate,No,2221,0,60,360,0,Urban,N,2221,-0.5545328022687542,-0.604002847580124,-0.79135103650033,-1.0525071276230196
Male,Yes,2,Graduate,No,4009,1717,116,360,1,Semiurban,Y,5726,-0.23909159810773914,0.051918408595106436,-0.20424378185574885,-0.35692549876587204
Male,No,0,Graduate,No,2971,2791,144,360,1,Semiurban,Y,5762,-0.42221686092604654,0.46220345759463904,-0.19821357895497713,-0.009134684337298271
Male,Yes,0,Graduate,No,6250,0,128,360,1,Semiurban,Y,6250,0.15626843462427134,-0.604002847580124,-0.11647082852229364,-0.20787229258219758
Male,Yes,0,Graduate,No,3250,0,170,360,1,Rural,N,3250,-0.3729953307465593,-0.604002847580124,-0.618987736919938,0.3138139290606631
Male,Yes,2,Graduate,No,6250,1695,210,360,1,Semiurban,Y,7945,0.15626843462427134,0.04351405936047914,0.16745122472237545,0.8106579496729114
Male,No,0,Graduate,Yes,6400,0,200,360,1,Rural,Y,6400,0.18273162289281286,-0.604002847580124,-0.09134498310241142,0.6864469445198493
Male,Yes,1,Graduate,No,2491,2054,104,360,1,Semiurban,Y,4545,-0.5068990633853794,0.18065775823462457,-0.40206793812828817,-0.5059787049495466
Female,No,0,Graduate,No,8333,0,280,360,1,Semiurban,Y,8333,0.5237539090467515,-0.604002847580124,0.23244341154180412,1.6801349857443457
Male,Yes,1,Graduate,No,3155,1779,140,360,1,Semiurban,Y,4934,-0.38975534998330225,0.07560339280178337,-0.336908245672727,-0.058819086398523096
Male,Yes,1,Graduate,No,5500,1260,170,360,1,Rural,Y,6760,0.023952493281563684,-0.12266284596056061,-0.03104295409469409,0.3138139290606631
Female,No,1,Graduate,No,3812,0,112,360,1,Rural,Y,3812,-0.27384658536709033,-0.604002847580124,-0.524849569413446,-0.40660990082709686
Male,Yes,1,Graduate,No,3315,0,96,360,1,Semiurban,Y,3315,-0.3615279491635246,-0.604002847580124,-0.6080998705713224,-0.6053475090719962
Male,Yes,2,Graduate,No,5819,5000,120,360,1,Rural,Y,10819,0.08023087366599534,1.30607652392608,0.6488624229673188,-0.3072410967046472
Male,Yes,1,Not Graduate,No,2510,1983,140,180,1,Urban,N,4493,-0.5035470595380308,0.1535346311592365,-0.4107782312071807,-0.058819086398523096
Male,No,0,Graduate,No,2965,5701,155,60,1,Urban,Y,8666,-0.4232753884567882,1.5738696518112498,0.28822278837394266,0.12749742133107
Male,Yes,2,Graduate,Yes,6250,1300,108,360,1,Rural,Y,7550,0.15626843462427134,-0.10738221098851097,0.10128649845001893,-0.45629430288832173
Male,Yes,0,Not Graduate,No,3406,4417,123,360,1,Semiurban,Y,7823,-0.3454736149472761,1.0833612692084567,0.14701553711420456,-0.2699777951587286
Male,No,0,Graduate,Yes,6050,4333,120,180,1,Urban,N,10383,0.1209841835995493,1.0512719357671525,0.5758299656135277,-0.3072410967046472
Male,Yes,2,Graduate,No,9703,0,112,360,1,Urban,Y,9703,0.7654510285660974,-0.604002847580124,0.4619261330433951,-0.40660990082709686
Male,Yes,1,Not Graduate,No,6608,0,137,180,1,Urban,Y,6608,0.21942724395852378,-0.604002847580124,-0.056503810786841406,-0.09608238794444171
Male,Yes,1,Graduate,No,2882,1843,123,480,1,Semiurban,Y,4725,-0.4379183526320478,0.10005240875706277,-0.3719169236244295,-0.2699777951587286
Male,Yes,0,Graduate,No,1809,1868,90,360,1,Urban,Y,3677,-0.6272183593796816,0.10960280561459379,-0.54746283029134,-0.6798741121638334
Male,Yes,0,Not Graduate,No,1668,3890,201,360,0,Semiurban,N,5558,-0.6520937563521106,0.8820389034517028,-0.23238472872601695,0.6988680450351555
Female,No,2,Graduate,No,3427,0,138,360,1,Urban,N,3427,-0.34176876858968025,-0.604002847580124,-0.589339239324477,-0.0836612874291355
Male,No,0,Not Graduate,Yes,2583,2167,104,360,1,Rural,Y,4750,-0.4906683079140073,0.2238255520306648,-0.3677292827211158,-0.5059787049495466
Male,Yes,1,Not Graduate,No,2661,7101,279,180,1,Semiurban,Y,9762,-0.4769074500143657,2.108691875832987,0.4718089655752154,1.6677138852290396
Male,No,0,Graduate,Yes,16250,0,192,360,0,Urban,N,16250,1.9204809858603733,-0.604002847580124,1.5585855328031875,0.5870781403973997
Female,No,3+,Graduate,No,3083,0,255,360,1,Rural,Y,3083,-0.4024576803522022,-0.604002847580124,-0.6469611781540736,1.3696074728616907
Male,No,0,Not Graduate,No,6045,0,115,360,0,Rural,N,6045,0.12010207732393124,-0.604002847580124,-0.150809483929466,-0.36934659928117825
Male,Yes,3+,Graduate,No,5250,0,94,360,1,Urban,N,5250,-0.020152820499338867,-0.604002847580124,-0.2839764646548418,-0.6301897101026086
Male,Yes,0,Graduate,No,14683,2100,304,360,1,Rural,N,16783,1.6440288790816762,0.19823048845248165,1.6478660368618356,1.9782413981116949
Male,No,0,Graduate,No,2060,2209,134,360,1,Semiurban,Y,4269,-0.5829366243436555,0.2398702187513169,-0.44829949370087147,-0.13334568949036033
Female,No,1,Graduate,No,3481,0,155,36,1,Semiurban,N,3481,-0.3322420208130053,-0.604002847580124,-0.5802939349733194,0.12749742133107
Female,No,0,Graduate,No,7200,0,120,360,1,Rural,Y,7200,0.32386862699170105,-0.604002847580124,0.042659525803627085,-0.3072410967046472
Male,No,0,Graduate,Yes,5166,0,128,360,1,Semiurban,Y,5166,-0.034972205929722125,-0.604002847580124,-0.2980469380899758,-0.20787229258219758
Male,No,0,Graduate,No,4095,3447,151,360,1,Rural,Y,7542,-0.22391937016710867,0.712805871136253,0.09994645336095855,0.07781301926984517
Male,Yes,2,Graduate,No,4708,1387,150,360,1,Semiurban,Y,6095,-0.1157731407763356,-0.07414682992430302,-0.14243420212283858,0.06539191875453897
Male,Yes,3+,Graduate,No,4333,1811,160,360,0,Urban,Y,6144,-0.18193111144768942,0.08782790077942307,-0.13422642595234374,0.18960292390760103
Female,No,1,Graduate,No,2876,1560,90,360,1,Urban,Y,4436,-0.4389768801627895,-0.008058083670188367,-0.42032605246673593,-0.6798741121638334
Female,No,0,Graduate,No,3237,0,30,360,1,Urban,Y,3237,-0.3752888070631662,-0.604002847580124,-0.6211653101896611,-1.4251401430822057
Male,Yes,0,Graduate,No,11146,0,136,360,1,Urban,Y,11146,1.020026899709467,-0.604002847580124,0.703636765982662,-0.10850348845974793
Male,No,0,Graduate,No,2833,1857,126,360,1,Rural,Y,4690,-0.44656299413310474,0.10540063099728014,-0.3777796208890687,-0.23271449361281
Male,Yes,0,Graduate,No,2620,2223,150,360,1,Semiurban,Y,4843,-0.4841407214744337,0.24521844099153428,-0.3521512585607888,0.06539191875453897
Male,Yes,2,Graduate,No,3900,0,90,360,1,Semiurban,Y,3900,-0.25832151491621264,-0.604002847580124,-0.5101090734337818,-0.6798741121638334
Male,Yes,1,Graduate,No,2750,1842,115,360,1,Semiurban,Y,4592,-0.46120595830836436,0.09967039288276154,-0.3941951732300584,-0.36934659928117825
Male,Yes,0,Graduate,No,3993,3274,207,360,1,Semiurban,Y,7267,-0.2419143381897169,0.6467171248821384,0.05388240342450781,0.7733946481269928
Male,Yes,0,Graduate,No,3103,1300,80,360,1,Urban,Y,4403,-0.39892925524973,-0.10738221098851097,-0.42585373845911,-0.8040851173168955
Male,Yes,0,Graduate,No,14583,0,436,360,1,Semiurban,Y,14583,1.626386753569315,-0.604002847580124,1.27935363737023,3.6178266661321143
Male,No,1,Not Graduate,Yes,4053,2426,158,360,0,Urban,N,6479,-0.2313290628823003,0.32276766347468616,-0.07811203784794012,0.16476072287698862
Male,Yes,0,Graduate,No,3927,800,112,360,1,Semiurban,Y,4727,-0.25355814102787516,-0.2983901481391314,-0.3715819123521644,-0.40660990082709686
Male,Yes,2,Graduate,No,2301,985.7999878,78,180,1,Urban,Y,3286.7999878,-0.5404191018588653,-0.2274116033545545,-0.612823531553829,-0.8289273183475079
Female,No,0,Graduate,No,1811,1666,54,360,1,Urban,Y,3477,-0.6268655168694344,0.03243559900574316,-0.5809639575178496,-1.1270337307148568
Male,No,0,Graduate,No,3158,3053,89,360,1,Rural,Y,6211,-0.3892260862179314,0.5622916166615641,-0.12300354833146301,-0.6922952126791396
Female,No,0,Graduate,Yes,2600,1717,99,300,1,Semiurban,N,4317,-0.4876691465769059,0.051918408595106436,-0.4402592231665092,-0.5680842075260776
Male,Yes,0,Graduate,No,3704,2000,120,360,1,Rural,Y,5704,-0.29290008092044023,0.1600289010223576,-0.20792890585066492,-0.3072410967046472
Female,No,0,Graduate,No,4124,0,115,360,1,Semiurban,Y,4124,-0.21880315376852397,-0.604002847580124,-0.47258781094009095,-0.36934659928117825
Male,No,0,Graduate,No,9508,0,187,360,1,Rural,Y,9508,0.7310488838169934,-0.604002847580124,0.42926253399754816,0.5249726378208686
Male,Yes,0,Graduate,No,3075,2416,139,360,1,Rural,Y,5491,-0.40386905039319104,0.31894750473167377,-0.24360760634689765,-0.0712401869138293
Male,Yes,2,Graduate,No,4400,0,127,360,0,Semiurban,N,4400,-0.17011088735440755,-0.604002847580124,-0.42635625536750765,-0.2202933930975038
Male,Yes,2,Graduate,No,3153,1560,134,360,1,Urban,Y,4713,-0.3901081924935495,-0.008058083670188367,-0.3739269912580201,-0.13334568949036033
Male,Yes,0,Graduate,No,2383,3334,172,360,1,Semiurban,Y,5717,-0.5259525589387294,0.6696380773402127,-0.20575133258094178,0.3386561300912755
Male,Yes,1,Graduate,No,6875,0,200,360,1,Semiurban,Y,6875,0.26653171907652773,-0.604002847580124,-0.011779805939451054,0.6864469445198493
Female,Yes,1,Graduate,No,4666,0,135,360,1,Urban,Y,4666,-0.12318283349152723,-0.604002847580124,-0.3817997561562499,-0.12092458897505413
Female,No,0,Graduate,No,5000,2541,151,480,1,Rural,N,7541,-0.06425813428024142,0.36669948901932886,0.099778947724826,0.07781301926984517
Male,Yes,1,Graduate,No,2014,2925,113,360,1,Urban,N,4939,-0.5910520020793415,0.5133935847510053,-0.33607071749206424,-0.39418880031179065
Male,Yes,0,Not Graduate,No,1800,2934,93,360,0,Urban,N,4734,-0.628806150675794,0.5168317276197165,-0.3704093728992366,-0.6426108106179148
Female,No,0,Graduate,No,5000,0,132,360,1,Rural,Y,5000,-0.06425813428024142,-0.604002847580124,-0.3258528736879788,-0.15818789052097276
Male,Yes,1,Graduate,No,1625,1803,96,360,1,Urban,Y,3428,-0.6596798703224259,0.08477177378501315,-0.5891717336883444,-0.6053475090719962
Male,No,0,Graduate,No,4000,2500,140,360,1,Rural,Y,6500,-0.2406793894038516,0.351036838172978,-0.0745944194891566,-0.058819086398523096
Female,No,0,Graduate,No,3762,1666,135,360,1,Rural,Y,5428,-0.28266764812327083,0.03243559900574316,-0.2541604614232482,-0.12092458897505413
Female,No,0,Graduate,No,2400,1863,104,360,0,Urban,N,4263,-0.522953397601628,0.1076927262430876,-0.44930452751766675,-0.5059787049495466
Male,No,0,Graduate,No,20233,0,480,360,1,Rural,N,20233,2.6231668450177126,-0.604002847580124,2.2257604815191265,4.164355088805587
Female,No,0,Graduate,No,2917,0,84,360,1,Semiurban,Y,2917,-0.4317436087027215,-0.604002847580124,-0.6747671137520765,-0.7544007152556707
Male,No,0,Not Graduate,No,2927,2405,111,360,1,Semiurban,Y,5332,-0.4299793961514854,0.3147453301143601,-0.2702410024919728,-0.41903100134240306
Female,No,0,Graduate,No,2507,0,56,360,1,Rural,Y,2507,-0.5040763233034017,-0.604002847580124,-0.7434444245664212,-1.1021915296842444
Male,Yes,1,Not Graduate,No,3399,1640,111,180,1,Urban,Y,5039,-0.34670856373314135,0.022503186273910895,-0.3193201538788094,-0.41903100134240306
Male,Yes,2,Graduate,No,3717,0,120,360,1,Semiurban,Y,3717,-0.2906066046038333,-0.604002847580124,-0.540762604846038,-0.3072410967046472
Male,Yes,1,Graduate,Yes,10000,0,155,360,1,Rural,N,10000,0.8178481413378096,-0.604002847580124,0.5116753069747618,0.12749742133107
Male,Yes,0,Graduate,No,2400,2167,115,360,1,Semiurban,Y,4567,-0.522953397601628,0.2238255520306648,-0.3983828141333721,-0.36934659928117825
Male,Yes,3+,Graduate,No,4342,189,124,360,1,Semiurban,Y,4531,-0.18034332015157695,-0.5318018473371895,-0.4044130170341439,-0.2575566946434224
Male,Yes,3+,Graduate,No,15000,0,300,360,1,Rural,Y,15000,1.6999544169558605,-0.604002847580124,1.3492034876375025,1.92855699605047
Male,Yes,1,Graduate,Yes,8666,4983,376,360,0,Rural,N,13649,0.5825021870029136,1.299582254062959,1.12290337322243,2.8725606352137416
Male,No,0,Graduate,No,4917,0,130,360,0,Rural,Y,4917,-0.07890109845550107,-0.604002847580124,-0.3397558414869803,-0.18303009155158517
Male,Yes,0,Graduate,Yes,5818,2160,184,360,1,Semiurban,Y,7978,0.08005445241087174,0.2211514409105561,0.17297891071474952,0.48770933627495
Female,Yes,0,Graduate,No,4333,2451,110,360,1,Urban,N,6784,-0.18193111144768942,0.33231806033221717,-0.027022818827512934,-0.43145210185770927
Female,No,0,Graduate,No,2500,0,67,360,1,Urban,Y,2500,-0.505311272089267,-0.604002847580124,-0.7446169640193491,-0.9655594240158761
Male,No,1,Graduate,No,4384,1793,117,360,1,Urban,Y,6177,-0.1729336274363853,0.08095161504200074,-0.12869873995996964,-0.34450439825056584
Male,No,0,Graduate,No,2935,0,98,360,1,Semiurban,Y,2935,-0.4285680261104965,-0.604002847580124,-0.6717520123016907,-0.5805053080413838
Male,Yes,2,Graduate,Yes,2500,4600,176,360,1,Rural,Y,7100,-0.505311272089267,1.1532701742055838,0.025908962190372274,0.38834053215250036
Female,No,0,Graduate,No,4160,0,71,360,1,Semiurban,Y,4160,-0.212451988584074,-0.604002847580124,-0.4665576080393192,-0.9158750219546513
Male,Yes,3+,Not Graduate,No,2647,1587,173,360,1,Rural,N,4234,-0.47937734758609624,0.0022563449359451334,-0.45416219096551064,0.35107723060658175
Female,No,0,Graduate,No,2378,0,46,360,1,Rural,N,2378,-0.5268346652143474,-0.604002847580124,-0.76505265162752,-1.2264025348373064
Male,Yes,1,Not Graduate,No,4554,1229,158,360,1,Urban,Y,5783,-0.14294201406537158,-0.13450533806389908,-0.19469596059619362,0.16476072287698862
Male,Yes,3+,Not Graduate,No,3173,0,74,360,1,Semiurban,Y,3173,-0.38657976739107724,-0.604002847580124,-0.6318856709021442,-0.8786117204087327
Male,Yes,0,Graduate,No,2499,2458,160,360,1,Semiurban,Y,4957,-0.5054876933443906,0.33499217145232585,-0.3330556160416784,0.18960292390760103
Male,Yes,2,Not Graduate,No,3083,2168,126,360,1,Urban,Y,5251,-0.4024576803522022,0.22420756790496604,-0.28380895901870923,-0.23271449361281
Male,Yes,0,Graduate,No,2625,6250,187,360,1,Rural,Y,8875,-0.4832586151988157,1.7835963668026311,0.3232314663256452,0.5249726378208686
Male,Yes,0,Graduate,No,9083,0,228,360,1,Semiurban,Y,9083,0.6560698503894591,-0.604002847580124,0.3580726386412152,1.034237758948423
Male,No,0,Graduate,No,8750,4167,308,360,1,Rural,N,12917,0.5973215724332969,0.9878573006331465,1.0002892475734046,2.0279258001729197
Male,Yes,3+,Graduate,No,2666,2083,95,360,1,Rural,Y,4749,-0.47602534373874766,0.19173621858936057,-0.36789678835724837,-0.6177686095873024
Female,Yes,0,Graduate,Yes,5500,0,105,360,0,Rural,N,5500,0.023952493281563684,-0.604002847580124,-0.24210005562170472,-0.49355760443424035
Female,Yes,0,Graduate,No,2423,505,130,360,1,Semiurban,Y,2928,-0.5188957087337849,-0.4110848310579974,-0.6729245517546185,-0.18303009155158517
Male,Yes,2,Graduate,No,8333,3167,165,360,1,Rural,Y,11500,0.5237539090467515,0.6058414263319056,0.762933761173584,0.25170842648413205
Male,Yes,1,Graduate,No,3875,0,67,360,1,Urban,N,3875,-0.2627320462943029,-0.604002847580124,-0.5142967143370955,-0.9655594240158761
Male,Yes,0,Not Graduate,No,3000,1666,100,480,0,Urban,N,4666,-0.4171006445274618,0.03243559900574316,-0.3817997561562499,-0.5556631070107714
Male,Yes,3+,Graduate,No,5167,3167,200,360,1,Semiurban,Y,8334,-0.03479578467459851,0.6058414263319056,0.23261091717793667,0.6864469445198493
Female,No,1,Graduate,No,4723,0,81,360,1,Semiurban,N,4723,-0.11312682194948144,-0.604002847580124,-0.3722519348966946,-0.7916640168015893
Male,Yes,2,Graduate,No,5000,3667,236,360,1,Semiurban,Y,8667,-0.06425813428024142,0.7968493634825261,0.2883902940100752,1.1336065630708727
Male,Yes,0,Graduate,No,4750,2333,130,360,1,Urban,Y,7083,-0.10836344806114397,0.28724018716467076,0.023061366376118955,-0.18303009155158517
Male,No,0,Graduate,Yes,6822,0,141,360,1,Rural,Y,6822,0.2571813925549764,-0.604002847580124,-0.020657604654476105,-0.04639798588321689
Male,No,0,Not Graduate,No,6216,0,133,360,1,Rural,N,6216,0.1502701119500686,-0.604002847580124,-0.12216602015080028,-0.14576679000566653
Male,No,0,Graduate,No,2500,0,96,480,1,Semiurban,N,2500,-0.505311272089267,-0.604002847580124,-0.7446169640193491,-0.6053475090719962
Male,Yes,1,Graduate,No,6325,0,175,360,1,Semiurban,Y,6325,0.16950002875854212,-0.604002847580124,-0.10390790581235253,0.37591943163719416
Male,Yes,0,Graduate,No,19730,5266,570,360,1,Rural,N,24996,2.5344269536905366,1.40769274649021,3.0235898264184535,5.2822541351831465
Female,No,0,Graduate,Yes,15759,0,55,360,1,Semiurban,Y,15759,1.8338581495946806,-0.604002847580124,1.4763402654621063,-1.1146126301995507
Male,Yes,2,Graduate,No,5185,0,155,360,1,Semiurban,Y,5185,-0.03162020208237353,-0.604002847580124,-0.2948643310034574,0.12749742133107
Male,Yes,2,Graduate,Yes,9323,7873,380,300,1,Rural,Y,17196,0.6984109516191255,2.4036081307935446,1.717045864584578,2.9222450372749664
Male,No,1,Graduate,No,3062,1987,111,180,0,Urban,N,5049,-0.406162526709798,0.15506269465644146,-0.31764509751748393,-0.41903100134240306
Male,Yes,0,Graduate,No,4817,923,120,180,1,Urban,Y,5740,-0.09654322396786208,-0.25140219560007876,-0.20189870294989318,-0.3072410967046472
Male,Yes,3+,Graduate,No,8750,4996,130,360,1,Rural,Y,13746,0.5973215724332969,1.304548460428875,1.1391514199272872,-0.18303009155158517
Male,No,0,Graduate,No,3069,0,71,480,1,Urban,N,3069,-0.40492757792393275,-0.604002847580124,-0.6493062570599293,-0.9158750219546513
Male,Yes,2,Graduate,No,5391,0,130,360,1,Urban,Y,5391,0.004722576473090173,-0.604002847580124,-0.2603581699601525,-0.18303009155158517
Male,No,0,Graduate,No,5941,4232,296,360,1,Semiurban,Y,10173,0.10175426679107578,1.0126883324627272,0.5406537820256927,1.8788725939892452
Female,No,0,Graduate,No,6000,0,156,360,1,Urban,Y,6000,0.11216312084336878,-0.604002847580124,-0.15834723755543068,0.1399185218463762
Male,No,0,Graduate,Yes,7167,0,128,360,1,Urban,Y,7167,0.3180467255726219,-0.604002847580124,0.037131839811253,-0.20787229258219758
Male,Yes,2,Graduate,No,4566,0,100,360,1,Urban,N,4566,-0.14082495900388825,-0.604002847580124,-0.39855031976950467,-0.5556631070107714
Male,No,0,Not Graduate,No,2346,1600,132,360,1,Semiurban,Y,3946,-0.5324801453783029,0.007222551301861264,-0.5024038141716846,-0.15818789052097276
Male,Yes,0,Graduate,No,2333,2417,136,360,1,Urban,Y,4750,-0.5347736216949098,0.31932952060597497,-0.3677292827211158,-0.10850348845974793
Male,Yes,0,Graduate,No,5488,0,125,360,1,Rural,Y,5488,0.021835438220080362,-0.604002847580124,-0.2441101232552953,-0.2451355941281162
Male,No,3+,Graduate,No,9167,0,185,360,1,Rural,Y,9167,0.6708892358198423,-0.604002847580124,0.37214311207634926,0.5001304367902561
Male,Yes,3+,Graduate,No,9504,0,275,360,1,Rural,Y,9504,0.730343198796499,-0.604002847580124,0.42859251145301797,1.6180294831678148
Male,Yes,2,Not Graduate,No,1993,1625,113,180,1,Semiurban,Y,3618,-0.5947568484369373,0.016772948159392283,-0.5573456628231603,-0.39418880031179065
Male,Yes,2,Graduate,No,3100,1400,113,360,1,Urban,Y,4500,-0.3994585190151008,-0.06918062355838689,-0.4096056917542529,-0.39418880031179065
Female,No,0,Graduate,No,3180,0,71,360,0,Urban,N,3180,-0.38534481860521197,-0.604002847580124,-0.6307131314492164,-0.9158750219546513
Male,Yes,0,Graduate,No,3033,1459,95,360,1,Urban,Y,4492,-0.4112787431083827,-0.04664168697461369,-0.41094573684331326,-0.6177686095873024
Male,No,0,Not Graduate,No,3902,1666,109,360,1,Rural,Y,5568,-0.25796867240596544,0.03243559900574316,-0.23070967236469145,-0.4438732023730155
Female,No,0,Graduate,No,1500,1800,103,360,0,Semiurban,N,3300,-0.6817325272128771,0.08362572616210942,-0.6106124551133106,-0.5183998054648528
Male,Yes,2,Not Graduate,No,2889,0,45,180,0,Urban,N,2889,-0.4366834038461826,-0.604002847580124,-0.6794572715637879,-1.2388236353526128
Male,No,0,Not Graduate,No,2755,0,65,300,1,Rural,N,2755,-0.46032385203274634,-0.604002847580124,-0.7019030268055494,-0.9904016250464885
Male,No,0,Graduate,No,2500,20000,103,360,1,Semiurban,Y,22500,-0.505311272089267,7.036314638444692,2.6054957586316134,-0.5183998054648528
Female,No,0,Not Graduate,No,1963,0,53,360,1,Semiurban,Y,1963,-0.6000494860906456,-0.604002847580124,-0.8345674906225274,-1.1394548312301631
Female,No,0,Graduate,Yes,7441,0,194,360,1,Rural,N,7441,0.3663861494764911,-0.604002847580124,0.08302838411157118,0.6119203414280121
Female,No,0,Graduate,No,4547,0,115,360,1,Semiurban,Y,4547,-0.14417696285123685,-0.604002847580124,-0.4017329268560231,-0.36934659928117825
Male,Yes,0,Not Graduate,No,2167,2400,115,360,1,Urban,Y,4567,-0.5640595500454292,0.3128352507428539,-0.3983828141333721,-0.36934659928117825
Female,No,0,Not Graduate,No,2213,0,66,360,1,Rural,Y,2213,-0.555944172309743,-0.604002847580124,-0.7926910815893904,-0.9779805245311823
Male,Yes,1,Graduate,No,8300,0,152,300,0,Semiurban,N,8300,0.5179320076276722,-0.604002847580124,0.22691572554943004,0.09023411978515138
Male,Yes,3+,Graduate,No,81000,0,360,360,0,Rural,N,81000,13.343757255114134,-0.604002847580124,12.404575472385678,2.6738230269688423
Female,No,1,Not Graduate,Yes,3867,0,62,360,1,Semiurban,N,3867,-0.26414341633529176,-0.604002847580124,-0.5156367594261558,-1.0276649265924072
Male,Yes,0,Not Graduate,No,6096,0,218,360,0,Rural,N,6096,0.12909956133523537,-0.604002847580124,-0.14226669648670603,0.910026753795361
Male,Yes,0,Not Graduate,No,2253,2033,110,360,1,Rural,Y,4286,-0.5488873221047986,0.17263542487429853,-0.44545189788661815,-0.43145210185770927
Female,Yes,0,Not Graduate,No,2149,3237,178,360,0,Semiurban,N,5386,-0.5672351326376541,0.6325825375329924,-0.2611956981408152,0.41318273318311277
Female,No,0,Graduate,No,2995,0,60,360,1,Urban,Y,2995,-0.4179827508030799,-0.604002847580124,-0.6617016741337378,-1.0525071276230196
Female,No,1,Graduate,No,2600,0,160,360,1,Urban,N,2600,-0.4876691465769059,-0.604002847580124,-0.7278664004060943,0.18960292390760103
Male,Yes,2,Graduate,Yes,1600,20000,239,360,1,Urban,N,21600,-0.6640904017005161,7.036314638444692,2.45474068611232,1.1708698646167914
Male,Yes,0,Graduate,No,1025,2773,112,360,1,Rural,Y,3798,-0.765532623396592,0.4553271718572167,-0.5271946483193016,-0.40660990082709686
Male,Yes,0,Graduate,No,3246,1417,138,360,1,Semiurban,Y,4663,-0.3737010157670537,-0.0626863536952658,-0.38230227306464754,-0.0836612874291355
Male,Yes,0,Graduate,No,5829,0,138,360,1,Rural,Y,5829,0.08199508621723145,-0.604002847580124,-0.1869907013340964,-0.0836612874291355
Male,Yes,0,Graduate,No,1820,1719,100,360,1,Urban,Y,3539,-0.6252777255733218,0.05268244034370892,-0.5705786080776316,-0.5556631070107714
Male,Yes,0,Graduate,No,14880,0,96,360,1,Semiurban,Y,14880,1.6787838663410273,-0.604002847580124,1.3291028113015968,-0.6053475090719962
Male,Yes,0,Graduate,No,2666,4300,121,360,1,Rural,Y,6966,-0.47602534373874766,1.0386654119152114,0.0034632069486108252,-0.294819996189341
Female,No,1,Not Graduate,No,4606,0,81,360,1,Rural,N,4606,-0.13376810879894385,-0.604002847580124,-0.39185009432420276,-0.7916640168015893
Male,Yes,2,Graduate,No,5935,0,133,360,1,Semiurban,Y,5935,0.10069573926033412,-0.604002847580124,-0.1692351039040463,-0.14576679000566653
Male,Yes,0,Graduate,No,2920,16.12000084,87,360,1,Rural,Y,2936.12000084,-0.43121434493735067,-0.5978447513654946,-0.6715644058485175,-0.717137413709752
Male,No,0,Not Graduate,No,2717,0,60,180,1,Urban,Y,2717,-0.46702785972744354,-0.604002847580124,-0.7082682409785862,-1.0525071276230196
Female,No,1,Graduate,Yes,8624,0,150,360,1,Semiurban,Y,8624,0.575092494287722,-0.604002847580124,0.2811875516563756,0.06539191875453897
Male,No,0,Graduate,No,6500,0,105,360,0,Rural,N,6500,0.20037374840517388,-0.604002847580124,-0.0745944194891566,-0.49355760443424035
Male,Yes,0,Graduate,No,2425,2340,143,360,1,Semiurban,Y,4765,-0.5185428662235377,0.28991429828477944,-0.3652166981791276,-0.021555784852604478
Male,No,0,Graduate,No,3750,0,100,360,1,Urban,Y,3750,-0.2847847031847542,-0.604002847580124,-0.5352349188536639,-0.5556631070107714
Male,No,0,Graduate,No,1926,1851,50,360,1,Semiurban,Y,3777,-0.6065770725302192,0.1031085357514727,-0.5307122666780851,-1.1767181327760816
Male,No,0,Graduate,Yes,10416,0,187,360,0,Urban,N,10416,0.8912393834692315,-0.604002847580124,0.5813576516059019,0.5249726378208686
Female,Yes,0,Not Graduate,Yes,7142,0,138,360,1,Rural,Y,7142,0.31363619419453165,-0.604002847580124,0.032944198907939294,-0.0836612874291355
Male,No,0,Graduate,No,3660,5064,187,360,1,Semiurban,Y,8724,-0.3006626161458791,1.3305255398813594,0.29793811526963043,0.5249726378208686
Male,Yes,0,Graduate,No,7901,1833,180,360,1,Rural,Y,9734,0.4475399268333518,0.09623225001405036,0.46711880776350406,0.4380249342137252
Male,No,3+,Not Graduate,No,4707,1993,148,360,1,Semiurban,Y,6700,-0.1159495620314592,0.15735478990224888,-0.04109329226264698,0.04054971772392656
Male,No,1,Graduate,No,37719,0,152,360,1,Semiurban,Y,37719,5.708068912109161,-0.604002847580124,5.154764034932863,0.09023411978515138
Male,Yes,1,Graduate,Yes,3466,1210,130,360,1,Rural,Y,4676,-0.3348883396398595,-0.14176363967562264,-0.3801246997949244,-0.18303009155158517
Male,Yes,2,Not Graduate,No,4652,0,110,360,1,Rural,Y,4652,-0.12565273106325778,-0.604002847580124,-0.38414483506210556,-0.43145210185770927
Male,Yes,2,Graduate,No,3340,1710,150,360,0,Rural,N,5050,-0.3571174177854344,0.04924429747499775,-0.3174775918813514,0.06539191875453897
Male,Yes,2,Not Graduate,No,2309,1255,125,360,0,Rural,N,3564,-0.5390077318178765,-0.1245729253320668,-0.5663909671743179,-0.2451355941281162
Male,Yes,0,Graduate,No,3948,1733,149,360,0,Rural,N,5681,-0.24985329467027936,0.058030662583926286,-0.21178153548171352,0.05297081823923276
Male,Yes,0,Graduate,No,2483,2466,90,180,0,Rural,Y,4949,-0.5083104334263683,0.3380482984467358,-0.33439566113073876,-0.6798741121638334
Male,No,0,Graduate,Yes,7085,0,84,360,1,Semiurban,Y,7085,0.3035801826524859,-0.604002847580124,0.02339637764838405,-0.7544007152556707
Male,Yes,2,Graduate,No,3859,0,96,360,1,Semiurban,Y,3859,-0.26555478637628066,-0.604002847580124,-0.5169768045152162,-0.6053475090719962
Male,Yes,0,Graduate,No,4301,0,118,360,1,Urban,Y,4301,-0.18757659161164494,-0.604002847580124,-0.44293931334462994,-0.33208329773525963
Male,Yes,0,Graduate,No,3708,2569,173,360,1,Urban,N,6277,-0.2921943958999458,0.3773959334997636,-0.11194817634671483,0.35107723060658175
Male,No,2,Graduate,No,4354,0,136,360,1,Rural,Y,4354,-0.17822626509009362,-0.604002847580124,-0.4340615146296049,-0.10850348845974793
Male,Yes,0,Graduate,No,8334,0,160,360,1,Semiurban,N,8334,0.523930330301875,-0.604002847580124,0.23261091717793667,0.18960292390760103
Male,Yes,3+,Graduate,No,7740,0,128,180,1,Urban,Y,7740,0.41913610475845053,-0.604002847580124,0.13311256931520307,-0.20787229258219758
Male,Yes,0,Graduate,No,3015,2188,153,360,1,Rural,Y,5203,-0.4144543257006077,0.23184788539099085,-0.2918492295530715,0.1026552203004576
Male,No,0,Graduate,No,4166,0,98,360,0,Semiurban,N,4166,-0.21139346105333234,-0.604002847580124,-0.46555257422252394,-0.5805053080413838
Male,No,0,Graduate,No,6000,0,140,360,1,Rural,Y,6000,0.11216312084336878,-0.604002847580124,-0.15834723755543068,-0.058819086398523096
Male,Yes,3+,Not Graduate,No,2947,1664,70,180,0,Urban,N,4611,-0.4264509710490132,0.031671567257140675,-0.39101256614354,-0.9282961224699575
Male,Yes,0,Graduate,No,4333,2451,110,360,1,Urban,N,6784,-0.18193111144768942,0.33231806033221717,-0.027022818827512934,-0.43145210185770927
Male,Yes,1,Graduate,Yes,3450,2079,162,360,1,Semiurban,Y,5529,-0.3377110797218372,0.1902081550921556,-0.23724239217386084,0.21444512493821344
Male,Yes,1,Not Graduate,No,2653,1500,113,180,0,Rural,N,4153,-0.4783188200553546,-0.030979036128262815,-0.46773014749224706,-0.39418880031179065
Male,Yes,3+,Graduate,No,4691,0,100,360,1,Semiurban,Y,4691,-0.11877230211343698,-0.604002847580124,-0.37761211525293614,-0.5556631070107714
Male,No,2,Graduate,No,5532,4648,162,360,1,Rural,Y,10180,0.02959797344551921,1.1716069361720434,0.5418263214786205,0.21444512493821344
Male,Yes,2,Graduate,Yes,16525,1014,150,360,1,Rural,Y,17539,1.968996831019366,-0.21663875103866584,1.774500297778042,0.06539191875453897
Male,Yes,2,Graduate,No,6700,1750,230,300,1,Semiurban,Y,8450,0.23565799942989593,0.06452493244704738,0.25204157096931223,1.0590799599790355
Male,Yes,1,Graduate,Yes,16667,2250,86,360,1,Semiurban,Y,18917,1.9940486492469187,0.2555328695976678,2.0053230643686932,-0.7295585142250582
Female,No,0,Not Graduate,No,4350,0,154,360,1,Rural,Y,4350,-0.17893195011058804,-0.604002847580124,-0.4347315371741351,0.1150763208157638
Male,Yes,3+,Not Graduate,No,3095,0,113,360,1,Rural,Y,3095,-0.40034062529071884,-0.604002847580124,-0.6449511105204829,-0.39418880031179065
Male,Yes,0,Graduate,No,2083,3150,128,360,1,Semiurban,Y,5233,-0.5788789354758124,0.5993471564687844,-0.2868240604690951,-0.20787229258219758
Male,Yes,0,Graduate,No,10833,0,234,360,1,Semiurban,Y,10833,0.9648070468557769,-0.604002847580124,0.6512075018731744,1.1087643620402603
Male,Yes,2,Graduate,No,8333,0,246,360,1,Semiurban,Y,8333,0.5237539090467515,-0.604002847580124,0.23244341154180412,1.2578175682239348
Male,Yes,1,Not Graduate,No,1958,2436,131,360,1,Rural,Y,4394,-0.6009315923662637,0.32658782221769855,-0.42736128918430294,-0.17060899103627897
Male,No,2,Graduate,No,3547,0,80,360,0,Rural,N,3547,-0.32059821797484706,-0.604002847580124,-0.5692385629885712,-0.8040851173168955
Male,Yes,1,Graduate,No,18333,0,500,360,1,Urban,N,18333,2.287966460282853,-0.604002847580124,1.9074997728672853,4.412777099111712
Male,Yes,2,Graduate,Yes,4583,2083,160,360,1,Semiurban,Y,6666,-0.13782579766678688,0.19173621858936057,-0.046788483891153615,0.18960292390760103
Male,No,0,Graduate,No,2435,0,75,360,1,Urban,N,2435,-0.5167786536723016,-0.604002847580124,-0.7555048303679648,-0.8661906198934265
Male,No,0,Not Graduate,No,3691,0,110,360,1,Rural,Y,3691,-0.29519355723704715,-0.604002847580124,-0.5451177513854844,-0.43145210185770927
Female,No,0,Not Graduate,Yes,17263,0,225,360,1,Semiurban,Y,17263,2.0991957173005904,-0.604002847580124,1.7282687422054588,0.9969744574025045
Male,Yes,0,Graduate,No,3597,2157,119,360,0,Rural,N,5754,-0.31177715521866656,0.2200053932876524,-0.1995536240440375,-0.3196621972199534
Female,Yes,1,Graduate,No,3326,913,105,84,1,Semiurban,Y,4239,-0.3595873153571649,-0.25522235434309115,-0.4533246627848479,-0.49355760443424035
Male,Yes,0,Not Graduate,No,2600,1700,107,360,1,Rural,Y,4300,-0.4876691465769059,0.04542413873198534,-0.4431068189807625,-0.46871540340362794
Male,Yes,1,Graduate,Yes,2895,0,95,360,1,Semiurban,Y,2895,-0.4356248763154409,-0.604002847580124,-0.6784522377469926,-0.6177686095873024
Male,No,0,Graduate,No,6283,4416,209,360,0,Rural,N,10699,0.1620903360433505,1.0829792533341553,0.628761746631413,0.7982368491576052
Female,No,0,Graduate,No,645,3683,113,480,1,Rural,Y,4328,-0.8325727003435639,0.8029616174713459,-0.43841666116905115,-0.39418880031179065
Female,No,0,Graduate,No,3159,0,100,360,1,Semiurban,Y,3159,-0.3890496649628078,-0.604002847580124,-0.6342307498079999,-0.5556631070107714
Male,Yes,2,Graduate,No,4865,5624,208,360,1,Semiurban,Y,10489,-0.0880750037219288,1.5444544294900542,0.5935855630435779,0.785815748642299
Male,Yes,0,Not Graduate,No,3814,1483,124,300,1,Semiurban,Y,5297,-0.27349374285684314,-0.03747330599138391,-0.276103699756612,-0.2575566946434224
Male,Yes,2,Graduate,No,3510,4416,243,360,1,Rural,Y,7926,-0.32712580441442063,1.0829792533341553,0.16426861763585704,1.2205542666780163
Male,Yes,0,Graduate,Yes,2479,3013,188,360,1,Urban,Y,5492,-0.5090161184468628,0.5470109816895145,-0.2434401007107651,0.5373937383361748
Female,No,1,Graduate,No,13262,0,40,360,1,Urban,Y,13262,1.393334275551026,-0.604002847580124,1.0580786920391339,-1.3009291379291437
Male,No,0,Not Graduate,No,3598,1287,100,360,1,Rural,N,4885,-0.31160073396354293,-0.1123484173544271,-0.3451160218432218,-0.5556631070107714
Male,Yes,1,Graduate,No,6065,2004,250,360,1,Semiurban,Y,8069,0.12363050242640346,0.16155696451956256,0.18822192360281143,1.3075019702851596
Male,Yes,2,Graduate,No,3283,2035,148,360,1,Urban,Y,5318,-0.36717342932748015,0.17339945662290102,-0.2725860813978285,0.04054971772392656
Male,Yes,0,Graduate,No,2130,6666,70,180,1,Semiurban,N,8796,-0.5705871364850027,1.942514970511947,0.3099985210711739,-0.9282961224699575
Male,No,0,Graduate,No,5815,3666,311,360,1,Rural,N,9481,0.0795251886455009,0.7964673476082248,0.42473988182196937,2.0651891017188384
Male,Yes,3+,Graduate,No,3466,3428,150,360,1,Rural,Y,6894,-0.3348883396398595,0.7055475695245295,-0.00859719885293264,0.06539191875453897
Female,Yes,2,Graduate,No,2031,1632,113,480,1,Semiurban,Y,3663,-0.5880528407422402,0.01944705927950097,-0.5498079091971957,-0.39418880031179065
Male,No,0,Graduate,No,4683,1915,185,360,1,Semiurban,N,6598,-0.12018367215442585,0.12755755170675212,-0.058178867148166884,0.5001304367902561
Female,No,0,Not Graduate,No,3400,0,95,360,1,Rural,N,3400,-0.3465321424780177,-0.604002847580124,-0.5938618915000557,-0.6177686095873024
Male,Yes,2,Not Graduate,No,2192,1742,45,360,1,Semiurban,Y,3934,-0.5596490186673388,0.06146880545263746,-0.5044138818052751,-1.2388236353526128
Male,No,0,Graduate,No,2500,0,55,360,1,Semiurban,Y,2500,-0.505311272089267,-0.604002847580124,-0.7446169640193491,-1.1146126301995507
Male,Yes,3+,Graduate,Yes,5677,1424,100,360,1,Rural,Y,7101,0.05517905543844269,-0.06001224257515712,0.026076467826504822,-0.5556631070107714
Male,Yes,2,Graduate,Yes,7948,7166,480,360,1,Rural,Y,15114,0.4558317258241615,2.1335229076625675,1.368299130156613,4.164355088805587
Male,Yes,2,Graduate,Yes,17500,0,400,360,1,Rural,Y,17500,2.141007554764886,-0.604002847580124,1.7679675779688726,3.1706670475810905
Male,Yes,0,Graduate,No,3775,0,110,360,1,Semiurban,Y,3775,-0.2803741718066639,-0.604002847580124,-0.5310472779503502,-0.43145210185770927
Male,Yes,1,Not Graduate,No,5285,1430,161,360,0,Semiurban,Y,6715,-0.013978076570012508,-0.05772014732934967,-0.038580707720658754,0.20202402442290723
Male,No,1,Not Graduate,No,2679,1302,94,360,1,Semiurban,Y,3981,-0.4737318674221407,-0.10661817923990849,-0.49654111690704533,-0.6301897101026086
Male,No,0,Not Graduate,No,6783,0,130,360,1,Semiurban,Y,6783,0.2503009636051556,-0.604002847580124,-0.02719032446364548,-0.18303009155158517
Male,Yes,3+,Graduate,No,4281,0,100,360,1,Urban,Y,4281,-0.19110501671411717,-0.604002847580124,-0.4462894260672809,-0.5556631070107714
Male,No,2,Graduate,No,3588,0,110,360,0,Rural,N,3588,-0.31336494651477903,-0.604002847580124,-0.5623708319071368,-0.43145210185770927
Female,No,0,Not Graduate,Yes,18165,0,125,360,1,Urban,Y,18165,2.258327689422087,-0.604002847580124,1.879358825997017,-0.2451355941281162
Male,Yes,0,Graduate,No,6133,3906,324,360,1,Urban,Y,10039,0.13562714777480894,0.8881511574405226,0.5182080267839312,2.226663408417819
Male,No,2,Graduate,No,3617,0,107,360,1,Semiurban,Y,3617,-0.30824873011619436,-0.604002847580124,-0.5575131684592929,-0.46871540340362794
Male,Yes,0,Not Graduate,No,2917,536,66,360,1,Rural,N,3453,-0.4317436087027215,-0.39924233895465894,-0.5849840927850307,-0.9779805245311823
Male,Yes,3+,Graduate,No,6417,0,157,180,1,Rural,Y,6417,0.18573078422991424,-0.604002847580124,-0.08849738728815809,0.15233962236168241
Female,Yes,1,Graduate,No,4608,2845,140,180,1,Semiurban,Y,7453,-0.13341526628869663,0.482832314806906,0.08503845174516177,-0.058819086398523096
Female,No,0,Graduate,No,2138,0,99,360,0,Semiurban,N,2138,-0.5691757664440138,-0.604002847580124,-0.8052540042993316,-0.5680842075260776
Male,Yes,1,Not Graduate,No,2239,2524,128,360,1,Urban,Y,4763,-0.5513572196765292,0.36020521915620773,-0.3655517094513927,-0.20787229258219758
Male,Yes,0,Graduate,No,2768,1950,155,360,1,Rural,Y,4718,-0.4580303757161394,0.14092810730729555,-0.37308946307735735,0.12749742133107
Male,No,0,Not Graduate,No,3358,0,80,36,1,Semiurban,N,3358,-0.3539418351932094,-0.604002847580124,-0.6008971282176229,-0.8040851173168955
Male,No,0,Graduate,No,2526,1783,145,360,1,Rural,Y,4309,-0.5007243194560531,0.07713145629898834,-0.44159926825556955,0.0032864161780079356
Female,No,0,Graduate,No,5000,0,103,360,0,Semiurban,N,5000,-0.06425813428024142,-0.604002847580124,-0.3258528736879788,-0.5183998054648528
Male,Yes,0,Graduate,No,2785,2016,110,360,1,Rural,Y,4801,-0.45503121437903804,0.16614115501117743,-0.3591864952783559,-0.43145210185770927
Male,Yes,1,Graduate,No,3333,3250,158,360,1,Urban,Y,6583,-0.35835236657129965,0.6375487438989086,-0.06069145169015511,0.16476072287698862
Male,Yes,0,Not Graduate,No,2454,2333,181,360,0,Urban,N,4787,-0.513426649824953,0.28724018716467076,-0.36153157418421156,0.4504460347290314
Male,Yes,0,Graduate,No,3593,4266,132,180,0,Rural,N,7859,-0.312482840239161,1.0256768721889693,0.1530457400149763,-0.15818789052097276
Male,Yes,1,Graduate,No,5468,1032,26,360,1,Semiurban,Y,6500,0.01830701311760816,-0.2097624653012435,-0.0745944194891566,-1.4748245451434308
Male,Yes,3+,Graduate,Yes,10139,0,260,360,1,Semiurban,Y,10139,0.8423706957999915,-0.604002847580124,0.5349585903971861,1.4317129754382216
Male,Yes,0,Graduate,No,3887,2669,162,360,1,Semiurban,Y,6556,-0.26061499123281956,0.41559752092988766,-0.06521410386573391,0.21444512493821344
Female,Yes,0,Graduate,No,4180,2306,182,360,1,Semiurban,Y,6486,-0.2089235634816018,0.27692575855853724,-0.07693949839501228,0.4628671352443376
Male,Yes,2,Not Graduate,No,3675,242,108,360,1,Semiurban,Y,3917,-0.29801629731902496,-0.5115550059992238,-0.5072614776195284,-0.45629430288832173
Female,Yes,1,Graduate,Yes,19484,0,600,360,1,Semiurban,Y,19484,2.4910273249301285,-0.604002847580124,2.100298760055848,5.654887150642332
Male,Yes,0,Graduate,No,5923,2054,211,360,1,Rural,Y,7977,0.0985786841988508,0.18065775823462457,0.17281140507861698,0.8230790501882176
Male,No,0,Not Graduate,Yes,5800,0,132,360,1,Semiurban,Y,5800,0.07687886981864675,-0.604002847580124,-0.19184836478194028,-0.15818789052097276
Male,Yes,2,Graduate,No,8799,0,258,360,0,Urban,N,8799,0.6059662139343538,-0.604002847580124,0.31050103797957157,1.4068707744076092
Male,No,0,Graduate,No,3333,0,70,360,1,Urban,Y,3333,-0.35835236657129965,-0.604002847580124,-0.6050847691209366,-0.9282961224699575
Male,Yes,3+,Graduate,No,3400,2500,123,360,0,Rural,N,5900,-0.3465321424780177,0.351036838172978,-0.17509780116868548,-0.2699777951587286
Female,No,0,Graduate,No,2378,0,9,360,1,Urban,N,2378,-0.5268346652143474,-0.604002847580124,-0.76505265162752,-1.6859832539036361
Male,Yes,0,Graduate,No,3166,2064,104,360,0,Urban,N,5230,-0.3878147161769425,0.184477916977637,-0.28732657737749273,-0.5059787049495466
Male,Yes,1,Graduate,No,3417,1750,186,360,1,Urban,Y,5167,-0.3435329811409164,0.06452493244704738,-0.29787943245384324,0.5125515373055624
Male,Yes,2,Graduate,No,16666,0,275,360,1,Urban,Y,16666,1.993872227991795,-0.604002847580124,1.6282678774343275,1.6180294831678148
Male,Yes,2,Not Graduate,No,6125,1625,187,480,1,Semiurban,N,7750,0.13421577773382007,0.016772948159392283,0.13478762567652855,0.5249726378208686
Male,Yes,3+,Graduate,No,6406,0,150,360,1,Semiurban,N,6406,0.18379015042355454,-0.604002847580124,-0.09033994928561613,0.06539191875453897
Male,Yes,2,Graduate,No,3159,461,108,84,1,Urban,Y,3620,-0.3890496649628078,-0.427893529527252,-0.5570106515508952,-0.45629430288832173
Male,No,0,Graduate,No,3229,2739,110,360,1,Urban,Y,5968,-0.3767001771041551,0.4423386321309745,-0.1637074179116722,-0.43145210185770927
Male,Yes,1,Graduate,No,1782,2232,107,360,1,Rural,Y,4014,-0.6319817332680191,0.24865658386024544,-0.49101343091467126,-0.46871540340362794
Male,Yes,2,Graduate,No,6540,0,205,360,1,Semiurban,Y,6540,0.2074305986101183,-0.604002847580124,-0.06789419404385467,0.7485524470963804
Male,No,0,Graduate,No,1836,33837,90,360,1,Urban,N,35673,-0.6224549854913441,12.32226829115096,4.81204750340567,-0.6798741121638334
Female,Yes,0,Graduate,No,3166,0,36,360,1,Semiurban,Y,3166,-0.3878147161769425,-0.604002847580124,-0.633058210355072,-1.3506135399903685
Male,Yes,1,Graduate,No,2787,1917,146,360,0,Rural,N,4704,-0.4546783718687908,0.1283215834553546,-0.375434541983213,0.015707516693314143
Male,Yes,1,Graduate,No,4283,3000,172,84,1,Rural,N,7283,-0.19075217420386995,0.5420447753235984,0.056562493602628584,0.3386561300912755
Male,Yes,0,Graduate,No,2297,1522,104,360,1,Urban,Y,3819,-0.5411247868793598,-0.022574686893635516,-0.5236770299605181,-0.5059787049495466
Female,No,0,Not Graduate,No,2165,0,70,360,1,Semiurban,Y,2165,-0.5644123925556763,-0.604002847580124,-0.8007313521237528,-0.9282961224699575
Male,Yes,2,Graduate,Yes,2726,0,106,360,0,Semiurban,N,2726,-0.465440068431331,-0.604002847580124,-0.7067606902533933,-0.48113650391893414
Male,Yes,0,Graduate,No,3000,3416,56,180,1,Semiurban,Y,6416,-0.4171006445274618,0.7009633790329145,-0.08866489292429064,-1.1021915296842444
Male,Yes,2,Graduate,Yes,6000,0,205,240,1,Semiurban,N,6000,0.11216312084336878,-0.604002847580124,-0.15834723755543068,0.7485524470963804
Male,Yes,0,Graduate,No,3859,3300,142,180,1,Rural,Y,7159,-0.26555478637628066,0.6566495376139706,0.03579179472219261,-0.033976885367910686
Male,Yes,0,Graduate,Yes,16120,0,260,360,1,Urban,Y,16120,1.8975462226943038,-0.604002847580124,1.5368098001059562,1.4317129754382216
Male,No,0,Not Graduate,No,3833,0,110,360,1,Rural,Y,3833,-0.2701417390094945,-0.604002847580124,-0.5213319510546625,-0.43145210185770927
Male,Yes,2,Not Graduate,Yes,6383,1000,187,360,1,Rural,N,7383,0.1797324615557115,-0.2219869732788832,0.0733130572158834,0.5249726378208686
Male,Yes,0,Graduate,Yes,9963,0,180,360,1,Rural,Y,9963,0.8113205548982361,-0.604002847580124,0.5054775984378576,0.4380249342137252
Male,Yes,2,Graduate,No,5780,0,192,360,1,Urban,Y,5780,0.07335044471617454,-0.604002847580124,-0.19519847750459127,0.5870781403973997
Male,Yes,3+,Graduate,No,5703,0,128,360,1,Urban,Y,5703,0.05976600807165656,-0.604002847580124,-0.20809641148679747,-0.20787229258219758
Male,No,0,Graduate,No,3676,4301,172,360,1,Rural,Y,7977,-0.29783987606390133,1.0390474277895128,0.17281140507861698,0.3386561300912755
Female,Yes,1,Graduate,No,12000,0,496,360,1,Semiurban,Y,12000,1.17069065158503,-0.604002847580124,0.8466865792398581,4.363092697050487
Male,Yes,1,Graduate,No,3400,2500,173,360,1,Semiurban,Y,5900,-0.3465321424780177,0.351036838172978,-0.17509780116868548,0.35107723060658175
Male,Yes,2,Not Graduate,No,3987,1411,157,360,1,Rural,Y,5398,-0.24297286572045856,-0.06497844894107324,-0.25918563050722465,0.15233962236168241
Male,Yes,0,Graduate,No,3232,1950,108,360,1,Rural,Y,5182,-0.3761709133387843,0.14092810730729555,-0.295366847911855,-0.45629430288832173
Female,No,0,Graduate,No,2900,0,71,360,1,Rural,Y,2900,-0.43474277003982287,-0.604002847580124,-0.6776147095663299,-0.9158750219546513
Male,Yes,3+,Graduate,No,4106,0,40,180,1,Rural,Y,4106,-0.22197873636074894,-0.604002847580124,-0.4756029123904768,-1.3009291379291437
Male,Yes,1,Graduate,No,8072,240,253,360,1,Urban,Y,8312,0.47770796145948913,-0.5123190377478262,0.22892579318302061,1.3447652718310783
Male,Yes,2,Graduate,No,7583,0,187,360,1,Urban,Y,7583,0.39143796770404377,-0.604002847580124,0.10681418444239302,0.5249726378208686
Female,No,0,Graduate,Yes,4583,0,133,360,0,Semiurban,N,4583,-0.13782579766678688,-0.604002847580124,-0.39570272395525136,-0.14576679000566653
